<?xml version="1.0" encoding="UTF-8"?>
<project-private xmlns="http://www.netbeans.org/ns/project-private/1">
    <editor-bookmarks xmlns="http://www.netbeans.org/ns/editor-bookmarks/2" lastBookmarkId="0"/>
    <open-files xmlns="http://www.netbeans.org/ns/projectui-open-files/2">
        <group>
            <file>file:/C:/Users/Sean-/Documents/NetBeansProjects/DBHW/src/dbhw/DBList.java</file>
            <file>file:/C:/Users/Sean-/Documents/NetBeansProjects/DBHW/src/dbhw/db/migration/V2__migration.sql</file>
            <file>file:/C:/Users/Sean-/Documents/NetBeansProjects/DBHW/src/dbhw/DBUI.java</file>
            <file>file:/C:/Users/Sean-/Documents/NetBeansProjects/DBHW/src/dbhw/Person.java</file>
            <file>file:/C:/Users/Sean-/Documents/NetBeansProjects/DBHW/src/dbhw/Flyway.java</file>
            <file>file:/C:/Users/Sean-/Documents/NetBeansProjects/DBHW/src/dbhw/db/migration/V1__migration.sql</file>
            <file>file:/C:/Users/Sean-/Documents/NetBeansProjects/DBHW/src/dbhw/Address.java</file>
            <file>file:/C:/Users/Sean-/Documents/NetBeansProjects/DBHW/src/dbhw/AddressForm.java</file>
            <file>file:/C:/Users/Sean-/Documents/NetBeansProjects/DBHW/src/dbhw/PersonForm.java</file>
        </group>
    </open-files>
</project-private>
